,0,1,2,3
0,0.0,200.0,0.0,0.0
1,0.0,200.0,0.0,128.0
2,0.0,200.0,0.0,4.0
3,0.16693333333333335,302.0,0.0,2.0
4,0.16693333333333335,302.0,0.0,2.0
5,0.16693333333333335,303.0,0.0,2.0
6,0.15653333333333333,303.0,0.0,2.0
7,0.5708,307.0,0.0,4.0
8,0.8326666666666667,306.6,0.0,3.0
9,0.2536,306.0,0.0,2.0
10,0.5858666666666666,311.25,0.0,2.0
11,0.8446666666666667,311.0,0.0,2.0
12,0.9284,307.6666666666667,0.0,3.0
13,0.7645333333333333,305.8,0.0,2.0
14,0.8762666666666666,306.6666666666667,0.0,3.0
15,0.8762666666666666,306.6666666666667,0.0,2.0
16,0.8762666666666666,306.6666666666667,0.0,1.0
17,0.8762666666666666,306.6666666666667,0.0,2.0
18,0.8762666666666666,306.6666666666667,0.0,3.0
19,0.8762666666666666,306.6666666666667,0.0,2.0
20,0.8762666666666666,306.6666666666667,0.0,1.0
21,0.8762666666666666,306.6666666666667,0.0,2.0
22,0.8762666666666666,306.6666666666667,0.0,1.0
23,0.8762666666666666,306.6666666666667,0.0,2.0
24,0.8762666666666666,306.6666666666667,0.0,2.0
25,0.8762666666666666,306.6666666666667,0.0,1.0
26,0.8762666666666666,306.6666666666667,0.0,2.0
27,0.8762666666666666,306.6666666666667,0.0,1.0
28,0.8762666666666666,306.6666666666667,0.0,2.0
29,0.8762666666666666,306.6666666666667,0.0,2.0
30,0.8762666666666666,306.6666666666667,0.0,1.0
31,0.8762666666666666,306.6666666666667,0.0,2.0
32,0.8762666666666666,306.6666666666667,0.0,1.0
33,0.8762666666666666,306.6666666666667,0.0,2.0
34,0.8762666666666666,306.6666666666667,0.0,2.0
35,0.8762666666666666,306.6666666666667,0.0,1.0
36,0.8762666666666666,306.6666666666667,0.0,2.0
37,0.8762666666666666,306.6666666666667,0.0,1.0
38,0.8762666666666666,306.6666666666667,0.0,2.0
39,0.8762666666666666,306.6666666666667,0.0,2.0
40,0.8762666666666666,306.6666666666667,0.0,1.0
41,0.8762666666666666,306.6666666666667,0.0,2.0
42,0.8762666666666666,306.6666666666667,0.0,1.0
43,0.8762666666666666,306.6666666666667,0.0,2.0
44,0.8762666666666666,306.6666666666667,0.0,2.0
45,0.8762666666666666,306.6666666666667,0.0,1.0
46,0.8762666666666666,306.6666666666667,0.0,1.0
47,0.8762666666666666,306.6666666666667,0.0,2.0
48,0.8762666666666666,306.6666666666667,0.0,2.0
49,0.8762666666666666,306.6666666666667,0.0,2.0
50,0.8762666666666666,306.6666666666667,0.0,1.0
51,0.8762666666666666,306.6666666666667,0.0,2.0
52,0.8762666666666666,306.6666666666667,0.0,1.0
53,0.8762666666666666,306.6666666666667,0.0,2.0
54,0.8762666666666666,306.6666666666667,0.0,2.0
55,0.8762666666666666,306.6666666666667,0.0,1.0
56,0.8762666666666666,306.6666666666667,0.0,1.0
57,0.8762666666666666,306.6666666666667,0.0,2.0
58,0.8762666666666666,306.6666666666667,0.0,2.0
59,0.8762666666666666,306.6666666666667,0.0,1.0
60,0.8762666666666666,306.6666666666667,0.0,2.0
61,0.8762666666666666,306.6666666666667,0.0,1.0
62,0.8762666666666666,306.6666666666667,0.0,2.0
63,0.8762666666666666,306.6666666666667,0.0,2.0
64,0.8762666666666666,306.6666666666667,0.0,1.0
65,0.8762666666666666,306.6666666666667,0.0,2.0
66,0.8762666666666666,306.6666666666667,0.0,1.0
67,0.1488,3420.0,0.0,2.0
68,0.2976,3449.5,0.0,2.0
69,3.0205333333333333,3440.095238095238,0.0,2.0
70,3.549866666666667,3247.4583333333335,0.0,2.0
71,9.851866666666666,2402.3823529411766,0.7433962264150943,2.0
72,0.1752,300.0,0.0,3.0
73,0.17546666666666666,300.0,0.0,2.0
74,0.17626666666666668,300.0,0.0,4.0
75,0.8890666666666668,302.0,0.0,2.0
76,0.8890666666666668,302.0,0.0,3.0
77,0.8890666666666668,302.0,0.0,3.0
78,0.8890666666666668,302.0,0.0,4.0
79,0.8890666666666668,302.0,0.0,4.0
80,0.8890666666666668,302.0,0.0,3.0
81,0.8890666666666668,303.0,0.0,2.0
82,0.8890666666666668,304.0,0.0,3.0
83,0.8890666666666668,304.0,0.0,4.0
84,1.0372,303.85714285714283,0.0,3.0
85,1.0373333333333332,303.14285714285717,0.0,2.0
86,0.8890666666666668,303.0,0.0,3.0
87,1.0372,303.0,0.0,2.0
88,1.0372,302.2857142857143,0.0,3.0
89,0.8890666666666668,302.0,0.0,3.0
90,1.0372,302.0,0.0,2.0
91,0.8890666666666668,302.5,0.0,3.0
92,0.8890666666666668,303.0,0.0,3.0
93,0.8890666666666668,303.0,0.0,2.0
94,0.8890666666666668,303.0,0.0,2.0
95,0.8890666666666668,303.0,0.0,2.0
96,0.7408,303.0,0.8611111111111112,1.0
97,1.63,303.0,0.0,3.0
98,0.7408,313.4,0.0,3.0
99,0.4445333333333334,353.6666666666667,0.0,2.0
100,0.4445333333333334,402.0,0.0,2.0
101,1.4817333333333333,426.9,0.0,2.0
102,3.26,383.45454545454544,0.0,2.0
103,0.3701333333333333,302.0,0.0,3.0
104,1.3462666666666667,301.57142857142856,0.0,2.0
105,1.8461333333333334,301.88235294117646,0.0,3.0
106,1.4306666666666668,301.90909090909093,0.0,3.0
107,1.8732,302.7647058823529,0.0,3.0
108,1.1614666666666666,304.14285714285717,0.0,2.0
109,0.368,302.75,0.0,2.0
110,0.5704,302.5,0.0,2.0
111,0.3602666666666666,302.5,0.0,2.0
112,0.2968,302.0,0.0,2.0
113,0.3078666666666667,302.0,0.0,3.0
114,0.4216,302.5,0.0,2.0
115,0.4082666666666666,306.0,0.0,2.0
116,0.426,306.5,0.0,2.0
117,0.426,306.5,0.0,3.0
118,0.426,306.5,0.0,1.0
119,0.154,314.0,0.9411764705882353,2.0
120,0.924,310.6666666666667,0.0,2.0
121,0.924,309.6666666666667,0.0,2.0
122,0.5193333333333334,303.25,0.0,3.0
123,1.1898666666666664,304.1111111111111,0.0,2.0
124,2.2324,306.07142857142856,0.0,3.0
125,1.4650666666666665,304.6666666666667,0.0,3.0
126,0.9041333333333333,306.8,0.0,2.0
127,0.8153333333333334,306.0,0.0,3.0
128,0.9196,304.3333333333333,0.0,2.0
129,0.5637333333333334,302.0,0.0,2.0
130,0.5570666666666667,302.0,0.0,2.0
131,1.0717333333333332,304.0,0.0,2.0
132,0.8284,304.2,0.0,2.0
133,0.9968,304.0,0.0,3.0
134,1.6546666666666667,306.4,0.0,2.0
135,1.0850666666666664,305.0,0.0,2.0
136,0.72,303.8,0.0,2.0
137,0.5130666666666668,303.0,0.0,3.0
138,0.2252,302.0,0.0,2.0
139,0.3224,303.0,0.0,2.0
140,0.3045333333333334,303.0,0.0,2.0
141,0.3056,303.0,0.0,2.0
142,0.4353333333333333,302.0,0.0,3.0
143,0.5777333333333333,302.0,0.0,2.0
144,0.576,302.0,0.0,2.0
145,0.6138666666666667,303.0,0.0,2.0
146,0.6437333333333334,303.0,0.0,2.0
147,0.4836,303.0,0.0,2.0
148,0.7877333333333334,304.2,0.0,3.0
149,0.9394666666666668,305.6666666666667,0.0,2.0
150,0.8941333333333333,305.0,0.0,2.0
151,0.9728,304.3333333333333,0.0,2.0
152,0.46146666666666664,302.0,0.0,2.0
153,0.2436,301.6666666666667,0.0,3.0
154,0.3938666666666667,302.0,0.0,2.0
155,0.3522666666666666,303.0,0.0,2.0
156,0.3213333333333333,302.0,0.0,2.0
157,0.4512,302.0,0.0,2.0
158,0.7212,304.2,0.0,3.0
159,0.8296,305.6666666666667,0.0,2.0
160,0.8808,305.6666666666667,0.0,2.0
161,1.2421333333333335,304.25,0.0,2.0
162,0.6665333333333333,302.75,0.0,3.0
163,0.3876,302.3333333333333,0.0,2.0
164,0.14146666666666666,301.0,0.0,3.0
165,0.09466666666666668,301.0,0.0,2.0
166,0.088,301.0,0.0,2.0
167,0.088,301.0,0.0,2.0
168,0.088,301.0,0.0,3.0
169,0.088,301.0,0.0,2.0
170,0.08906666666666666,301.0,0.0,2.0
171,0.09013333333333334,301.0,0.0,2.0
172,0.0912,301.0,0.0,2.0
173,0.09173333333333333,301.0,0.0,3.0
174,0.0936,301.0,0.0,2.0
175,0.09466666666666668,301.0,0.0,2.0
176,0.09573333333333332,301.0,0.0,3.0
177,0.0968,301.0,0.0,2.0
178,0.0984,301.0,0.0,2.0
179,0.09893333333333335,301.0,0.0,3.0
180,0.09893333333333335,301.0,0.0,2.0
181,0.09893333333333335,301.0,0.0,2.0
182,0.09893333333333335,301.0,0.0,2.0
183,0.0456,301.0,0.8571428571428571,1.0
184,0.0912,301.0,0.0,2.0
185,0.0912,301.0,0.0,2.0
186,0.0912,301.0,0.0,2.0
187,0.2384,301.4,0.0,3.0
188,0.22186666666666668,301.0,0.0,2.0
189,0.11466666666666667,301.0,0.0,3.0
190,0.2645333333333334,302.0,0.0,2.0
191,0.268,302.0,0.0,2.0
192,0.248,302.0,0.0,2.0
193,0.3681333333333333,302.0,0.0,3.0
194,0.49493333333333334,301.75,0.0,2.0
195,0.4981333333333333,301.0,0.0,2.0
196,0.5405333333333333,301.0,0.0,2.0
197,0.4312,302.0,0.0,2.0
198,0.5782666666666666,301.75,0.0,2.0
199,0.4444,302.0,0.0,3.0
200,0.4444,302.0,0.0,2.0
201,0.4444,302.0,0.0,1.0
202,0.4444,302.0,0.0,2.0
203,0.4444,302.0,0.0,2.0
204,0.4444,302.0,0.0,1.0
205,0.4444,302.0,0.0,2.0
206,0.9072,302.8,0.875,1.0
207,0.9070666666666668,302.8,0.0,3.0
208,1.0885333333333334,303.3333333333333,0.0,2.0
209,0.7977333333333334,302.0,0.0,2.0
210,1.0101333333333333,302.14285714285717,0.0,3.0
211,0.3781333333333333,307.5,0.0,2.0
212,0.18906666666666666,312.0,0.0,2.0
213,0.18906666666666666,312.0,0.0,2.0
214,0.18906666666666666,312.0,0.0,2.0
215,0.18906666666666666,312.0,0.0,2.0
216,0.1816,311.0,0.75,1.0
217,0.36333333333333334,311.0,0.6,2.0
218,0.3634666666666666,307.0,0.0,2.0
219,0.36333333333333334,303.0,0.0,2.0
220,0.3634666666666666,303.0,0.0,2.0
221,0.36333333333333334,303.5,0.0,2.0
222,0.36333333333333334,304.0,0.0,2.0
223,0.3634666666666666,304.0,0.0,2.0
224,0.3708,304.0,0.0,2.0
225,0.3781333333333333,303.0,0.0,1.0
226,0.3706666666666667,302.0,0.0,2.0
227,0.19293333333333335,301.0,0.0,2.0
228,0.28946666666666665,301.0,0.0,2.0
229,0.1592,301.0,0.0,2.0
230,0.19733333333333333,301.0,0.0,3.0
231,0.19733333333333333,301.0,0.0,2.0
232,0.20373333333333332,301.0,0.0,3.0
233,0.20226666666666668,301.0,0.0,3.0
234,0.21733333333333335,300.6,0.0,3.0
235,0.1956,300.0,0.0,2.0
236,0.043466666666666674,300.0,0.0,3.0
237,0.043466666666666674,300.0,0.0,2.0
238,0.043466666666666674,300.0,0.0,2.0
239,0.04453333333333333,300.0,0.0,2.0
240,0.04453333333333333,300.0,0.0,2.0
241,0.04453333333333333,300.0,0.0,2.0
242,0.04453333333333333,300.0,0.0,2.0
243,0.04453333333333333,300.0,0.0,2.0
244,0.04453333333333333,300.0,0.0,1.0
245,0.04453333333333333,300.0,0.0,2.0
246,0.04453333333333333,300.0,0.0,1.0
247,0.4544,502.3076923076923,0.0,2.0
248,0.49226666666666663,487.85714285714283,0.0,2.0
249,0.07573333333333333,300.0,0.0,2.0
250,0.09466666666666668,301.0,0.0,2.0
251,0.09573333333333332,301.0,0.0,2.0
252,0.0968,301.0,0.0,2.0
253,0.09733333333333333,301.0,0.0,2.0
254,0.09893333333333335,301.0,0.0,2.0
255,0.10026666666666667,301.0,0.0,2.0
256,0.10133333333333333,301.0,0.0,2.0
257,0.1024,301.0,0.0,2.0
258,0.10293333333333335,301.0,0.0,3.0
259,0.0936,300.0,0.0,2.0
260,0.0936,300.0,0.0,1.0
261,0.0936,301.0,0.0,2.0
262,0.0936,301.0,0.0,3.0
263,0.0908,301.0,0.0,2.0
264,0.2813333333333333,302.5,0.0,2.0
265,0.2813333333333333,303.0,0.0,2.0
266,0.5232000000000001,303.0,0.0,2.0
267,0.6484,302.3333333333333,0.0,2.0
268,0.5224,302.0,0.0,3.0
269,0.9018666666666666,302.6666666666667,0.0,2.0
270,1.7866666666666668,302.8,0.0,2.0
271,1.5450666666666666,302.8888888888889,0.0,2.0
272,1.7813333333333332,304.6,0.0,3.0
273,1.644,302.8,0.0,2.0
274,2.1125333333333334,307.4166666666667,0.0,3.0
275,0.9682666666666666,309.2857142857143,0.0,2.0
276,0.6430666666666668,304.4,0.0,2.0
277,0.3858666666666667,304.0,0.0,2.0
278,0.132,301.0,0.0,2.0
279,0.6504,302.0,0.0,3.0
280,0.5970666666666667,302.0,0.0,2.0
281,0.5005333333333334,302.0,0.0,2.0
282,0.782,302.8,0.0,2.0
283,0.9312,302.6666666666667,0.0,3.0
284,0.8952,304.6666666666667,0.0,2.0
285,1.4001333333333335,308.6666666666667,0.0,2.0
286,1.5557333333333332,309.0,0.0,3.0
287,1.5557333333333332,309.0,0.0,2.0
288,1.5557333333333332,309.0,0.0,1.0
289,0.7138666666666666,308.75,0.8947368421052632,2.0
290,1.4277333333333333,308.75,0.0,2.0
291,0.7138666666666666,322.25,0.0,3.0
292,0.8924,344.6,0.0,2.0
293,0.8453333333333334,353.1666666666667,0.0,2.0
294,1.2114666666666667,343.375,0.0,3.0
295,0.4788,303.0,0.0,2.0
296,2.0831999999999997,303.0,0.0,2.0
297,3.1088,307.27272727272725,0.0,3.0
298,3.0996,309.1304347826087,0.0,3.0
299,1.3976,307.25,0.0,2.0
300,0.8185333333333332,305.4,0.0,2.0
301,0.06693333333333334,301.0,0.0,2.0
302,0.06693333333333334,301.0,0.0,2.0
303,0.2737333333333334,302.0,0.0,3.0
304,0.3224,302.0,0.0,2.0
305,0.29786666666666667,302.0,0.0,2.0
306,0.6626666666666666,304.0,0.0,2.0
307,0.49693333333333334,304.3333333333333,0.0,2.0
308,0.6476,307.5,0.0,3.0
309,1.0429333333333333,308.6666666666667,0.0,2.0
310,0.8661333333333334,307.0,0.0,2.0
311,0.6072,304.5,0.0,3.0
312,0.48053333333333337,303.0,0.0,2.0
313,0.38306666666666667,303.0,0.0,2.0
314,0.5682666666666666,302.5,0.0,3.0
315,1.1597333333333333,303.5,0.0,2.0
316,1.1141333333333334,304.3333333333333,0.0,2.0
317,1.1553333333333333,304.14285714285717,0.0,3.0
318,0.4486666666666667,334.3333333333333,0.0,2.0
319,0.5982666666666666,341.25,0.0,2.0
320,0.5982666666666666,341.25,0.0,2.0
321,0.5982666666666666,341.25,0.0,2.0
322,0.5982666666666666,341.25,0.0,2.0
323,0.5982666666666666,341.25,0.0,2.0
324,0.5982666666666666,341.25,0.0,1.0
325,0.5982666666666666,341.25,0.0,2.0
326,0.5982666666666666,341.25,0.0,2.0
327,0.5982666666666666,341.25,0.0,1.0
328,0.5982666666666666,341.25,0.0,2.0
329,0.05173333333333333,307.0,0.9629629629629629,2.0
330,0.10346666666666667,307.0,0.0,2.0
331,0.10346666666666667,302.0,0.0,2.0
332,0.10453333333333333,302.0,0.0,2.0
333,0.4018666666666667,304.0,0.0,2.0
334,0.3497333333333334,305.0,0.0,2.0
335,0.2068,303.0,0.0,2.0
336,0.244,301.6,0.0,2.0
337,0.1624,301.25,0.0,3.0
338,0.07733333333333332,302.0,0.0,2.0
339,0.07573333333333333,302.0,0.0,2.0
340,0.07573333333333333,302.0,0.0,2.0
341,0.07573333333333333,302.0,0.0,1.0
342,0.07573333333333333,302.0,0.0,2.0
343,0.20346666666666666,306.0,0.75,2.0
344,0.4102666666666666,304.5,0.0,2.0
345,0.7325333333333333,306.0,0.0,2.0
346,0.9101333333333333,302.8,0.0,3.0
347,1.4412,303.1333333333333,0.0,3.0
348,0.656,301.2,0.0,3.0
349,1.1050666666666664,303.3333333333333,0.0,2.0
350,1.5186666666666668,303.0,0.0,2.0
351,1.5409333333333335,301.77777777777777,0.0,2.0
352,0.8561333333333334,301.6,0.0,3.0
353,0.29173333333333334,300.25,0.0,2.0
354,1.0728,303.1666666666667,0.0,2.0
355,0.9917333333333334,304.3333333333333,0.0,2.0
356,0.8418666666666667,303.6666666666667,0.0,3.0
357,1.0830666666666666,306.0,0.0,2.0
358,1.0802666666666667,310.7142857142857,0.0,2.0
359,1.0594666666666668,311.8333333333333,0.0,3.0
360,1.0994666666666668,312.1666666666667,0.0,2.0
361,0.5608,338.3333333333333,0.0,2.0
362,0.5630666666666667,360.0,0.0,2.0
363,0.5630666666666667,392.6666666666667,0.0,2.0
364,1.3716,396.22222222222223,0.0,3.0
365,1.2038666666666664,356.8888888888889,0.0,2.0
366,0.11466666666666667,303.0,0.0,2.0
367,0.2457333333333333,306.0,0.0,3.0
368,0.2457333333333333,306.0,0.0,2.0
369,0.2457333333333333,306.0,0.0,2.0
370,0.2457333333333333,306.0,0.0,1.0
371,0.2457333333333333,306.0,0.0,2.0
372,0.2457333333333333,306.0,0.0,1.0
373,0.2457333333333333,306.0,0.0,2.0
374,0.2457333333333333,306.0,0.0,2.0
375,0.2457333333333333,306.0,0.0,1.0
376,0.2457333333333333,306.0,0.0,2.0
377,0.2457333333333333,306.0,0.0,2.0
378,0.2457333333333333,306.0,0.0,1.0
379,0.2457333333333333,306.0,0.0,2.0
380,0.2457333333333333,306.0,0.0,2.0
381,0.2457333333333333,306.0,0.0,1.0
382,0.2457333333333333,306.0,0.0,2.0
383,0.2457333333333333,306.0,0.0,1.0
384,0.2457333333333333,306.0,0.0,2.0
385,0.2457333333333333,306.0,0.0,2.0
386,0.2457333333333333,306.0,0.0,1.0
387,0.2457333333333333,306.0,0.0,2.0
388,0.2457333333333333,306.0,0.0,2.0
389,0.2457333333333333,306.0,0.0,1.0
390,0.2457333333333333,306.0,0.0,2.0
391,0.2457333333333333,306.0,0.0,1.0
392,0.2457333333333333,306.0,0.0,2.0
393,0.2457333333333333,306.0,0.0,2.0
394,0.2457333333333333,306.0,0.0,1.0
395,0.2457333333333333,306.0,0.0,2.0
396,0.2457333333333333,306.0,0.0,1.0
397,0.2457333333333333,306.0,0.0,2.0
398,0.2457333333333333,306.0,0.0,2.0
399,0.2457333333333333,306.0,0.0,2.0
400,0.2457333333333333,306.0,0.0,1.0
401,0.2457333333333333,306.0,0.0,2.0
402,0.2457333333333333,306.0,0.0,1.0
403,0.2457333333333333,306.0,0.0,2.0
404,0.2457333333333333,306.0,0.0,2.0
405,0.2457333333333333,306.0,0.0,1.0
406,0.2457333333333333,306.0,0.0,2.0
407,0.2457333333333333,306.0,0.0,1.0
408,0.2457333333333333,306.0,0.0,2.0
409,0.2457333333333333,306.0,0.0,2.0
410,0.2457333333333333,306.0,0.0,1.0
411,0.2457333333333333,306.0,0.0,2.0
412,0.2457333333333333,306.0,0.0,2.0
413,0.2457333333333333,306.0,0.0,1.0
414,0.2457333333333333,306.0,0.0,2.0
415,0.2457333333333333,306.0,0.0,1.0
416,0.2457333333333333,306.0,0.0,2.0
417,0.2457333333333333,306.0,0.0,2.0
418,0.2457333333333333,306.0,0.0,1.0
419,0.2457333333333333,306.0,0.0,2.0
420,0.2457333333333333,306.0,0.0,2.0
421,0.2457333333333333,306.0,0.0,1.0
422,0.2457333333333333,306.0,0.0,2.0
423,0.2457333333333333,306.0,0.0,2.0
424,0.2457333333333333,306.0,0.0,2.0
425,0.2457333333333333,306.0,0.0,2.0
426,0.2457333333333333,306.0,0.0,2.0
427,0.2457333333333333,306.0,0.0,2.0
428,0.2457333333333333,306.0,0.0,2.0
429,0.2457333333333333,306.0,0.0,1.0
430,0.2457333333333333,306.0,0.0,2.0
431,0.2457333333333333,306.0,0.0,1.0
432,0.2457333333333333,306.0,0.0,2.0
433,0.2457333333333333,306.0,0.0,2.0
434,0.2457333333333333,306.0,0.0,1.0
435,0.2457333333333333,306.0,0.0,2.0
436,0.2457333333333333,306.0,0.0,1.0
437,0.2457333333333333,306.0,0.0,2.0
438,0.2457333333333333,306.0,0.0,2.0
439,0.2457333333333333,306.0,0.0,1.0
440,0.2457333333333333,306.0,0.0,2.0
441,0.2457333333333333,306.0,0.0,1.0
442,0.2457333333333333,306.0,0.0,2.0
443,0.2457333333333333,306.0,0.0,2.0
444,0.2457333333333333,306.0,0.0,1.0
445,0.2457333333333333,306.0,0.0,2.0
446,0.2457333333333333,306.0,0.0,1.0
447,0.2457333333333333,306.0,0.0,2.0
448,0.2457333333333333,306.0,0.0,2.0
449,0.2457333333333333,306.0,0.0,1.0
450,0.2457333333333333,306.0,0.0,2.0
451,0.2457333333333333,306.0,0.0,1.0
452,0.2457333333333333,306.0,0.0,2.0
453,0.2457333333333333,306.0,0.0,2.0
454,0.2457333333333333,306.0,0.0,1.0
455,0.2457333333333333,306.0,0.0,2.0
456,0.2457333333333333,306.0,0.0,1.0
457,0.2457333333333333,306.0,0.0,2.0
458,0.2457333333333333,306.0,0.0,2.0
459,0.2457333333333333,306.0,0.0,2.0
460,0.2457333333333333,306.0,0.0,2.0
461,0.2457333333333333,306.0,0.0,2.0
462,0.2457333333333333,306.0,0.0,2.0
463,0.2457333333333333,306.0,0.0,1.0
464,0.2457333333333333,306.0,0.0,2.0
465,0.3769333333333333,6175.0,0.0,2.0
466,0.3769333333333333,6175.0,0.0,1.0
467,0.3769333333333333,6175.0,0.0,2.0
468,0.1718666666666667,302.0,0.9988950276243094,2.0
469,0.3438666666666667,302.0,0.9977924944812362,2.0
470,0.22933333333333333,305.0,0.0,1.0
471,0.172,309.0,0.0,3.0
472,0.22946666666666665,316.5,0.0,2.0
473,0.3442666666666666,324.0,0.0,2.0
474,0.4016,308.6666666666667,0.0,3.0
475,0.3636,301.0,0.0,2.0
476,0.33053333333333335,301.0,0.0,2.0
477,0.13693333333333335,300.0,0.0,2.0
478,0.0544,300.0,0.0,3.0
479,0.05413333333333334,300.0,0.0,2.0
480,0.10293333333333335,301.0,0.0,2.0
481,0.1056,301.0,0.0,2.0
482,0.1024,301.0,0.0,2.0
483,0.18346666666666667,301.0,0.0,2.0
484,0.2578666666666667,301.0,0.0,2.0
485,0.2256,301.0,0.0,2.0
486,0.24906666666666666,301.0,0.0,2.0
487,0.2645333333333334,305.0,0.0,2.0
488,0.2645333333333334,305.0,0.0,2.0
489,0.2645333333333334,305.0,0.0,2.0
490,0.2645333333333334,305.0,0.0,1.0
491,0.2557333333333333,305.0,0.8181818181818182,2.0
492,0.3836,305.0,0.0,2.0
493,0.5114666666666666,304.25,0.0,2.0
494,0.3789333333333333,303.0,0.0,3.0
495,1.2242666666666668,302.22222222222223,0.0,2.0
496,1.1186666666666667,302.75,0.0,3.0
497,0.5312,304.0,0.0,3.0
498,0.7082666666666666,304.0,0.0,2.0
499,0.7082666666666666,304.0,0.0,2.0
500,0.7082666666666666,304.0,0.0,2.0
501,0.33546666666666664,305.0,0.9130434782608695,1.0
502,1.1744,305.85714285714283,0.0,3.0
503,1.3421333333333334,308.375,0.0,2.0
504,0.9841333333333334,308.2857142857143,0.0,2.0
505,1.5872,324.3333333333333,0.0,3.0
506,2.2325333333333335,364.3076923076923,0.0,2.0
507,3.7746666666666666,377.2173913043478,0.0,3.0
508,2.7654666666666663,347.94444444444446,0.0,2.0
509,0.3357333333333334,303.0,0.0,3.0
510,2.2649333333333335,303.38461538461536,0.0,2.0
511,0.8650666666666668,302.3333333333333,0.0,3.0
512,0.6325333333333333,303.0,0.0,2.0
513,1.6510666666666665,304.55555555555554,0.0,3.0
514,0.9001333333333333,304.2,0.0,2.0
515,0.09013333333333334,300.0,0.0,2.0
516,0.09013333333333334,300.5,0.0,2.0
517,0.09013333333333334,301.0,0.0,3.0
518,0.09013333333333334,301.0,0.0,2.0
519,0.09013333333333334,301.0,0.0,2.0
520,0.09013333333333334,301.0,0.0,2.0
521,0.10893333333333334,301.0,0.8571428571428571,1.0
522,0.21786666666666668,301.0,0.0,2.0
523,0.21786666666666668,313.0,0.0,3.0
524,0.21906666666666666,325.0,0.0,2.0
525,0.3066666666666667,331.3333333333333,0.0,2.0
526,0.9865333333333333,349.375,0.0,2.0
527,0.268,301.0,0.0,2.0
528,0.17346666666666666,300.5,0.0,3.0
529,0.07893333333333334,300.0,0.0,2.0
530,0.07893333333333334,301.0,0.0,1.0
531,0.07893333333333334,301.0,0.0,2.0
532,0.07893333333333334,301.0,0.0,3.0
533,0.07893333333333334,300.5,0.0,2.0
534,0.07893333333333334,300.0,0.0,2.0
535,0.07893333333333334,300.0,0.0,2.0
536,0.07893333333333334,300.5,0.0,2.0
537,0.07893333333333334,301.0,0.0,2.0
538,0.074,301.0,0.0,2.0
539,0.2157333333333333,301.0,0.0,2.0
540,0.2122666666666667,304.0,0.0,2.0
541,0.21346666666666667,304.0,0.0,2.0
542,0.21346666666666667,304.0,0.0,2.0
543,0.21346666666666667,304.0,0.0,1.0
544,0.21346666666666667,304.0,0.0,2.0
545,0.5416,304.0,0.6923076923076923,2.0
546,0.5416,303.5,0.0,2.0
547,0.4061333333333333,303.0,0.0,2.0
548,0.6784,303.2,0.0,2.0
549,1.4121333333333335,303.5,0.0,3.0
550,0.7782666666666667,303.1666666666667,0.0,2.0
551,0.6204,303.5,0.0,3.0
552,0.6204,303.5,0.0,2.0
553,0.6204,303.5,0.0,2.0
554,0.6204,303.5,0.0,1.0
555,2.042666666666667,308.3333333333333,0.7209302325581395,2.0
556,1.3616,308.375,0.0,2.0
557,1.8725333333333332,315.90909090909093,0.0,3.0
558,1.7032,309.2,0.0,2.0
559,0.5222666666666667,306.3333333333333,0.0,3.0
560,0.3317333333333334,304.5,0.0,2.0
561,0.6633333333333333,303.0,0.0,1.0
562,0.6633333333333333,303.0,0.0,3.0
563,0.6633333333333333,303.0,0.0,2.0
564,0.6633333333333333,303.0,0.0,1.0
565,0.8314666666666668,302.75,0.1111111111111111,2.0
566,0.8468,304.3333333333333,0.0,2.0
567,0.9490666666666667,307.0,0.7142857142857143,3.0
568,1.4133333333333333,308.375,0.0,3.0
569,1.5136,309.1111111111111,0.0,3.0
570,0.9913333333333334,303.2857142857143,0.0,2.0
571,1.3729333333333336,302.1666666666667,0.0,3.0
572,1.3729333333333336,302.1666666666667,0.0,3.0
573,1.3729333333333336,302.1666666666667,0.0,1.0
574,1.3729333333333336,302.1666666666667,0.0,2.0
575,0.5370666666666667,303.5,0.75,1.0
576,0.5370666666666667,303.5,0.0,2.0
577,0.4028,333.6666666666667,0.0,3.0
578,0.4028,354.6666666666667,0.0,2.0
579,0.4378666666666667,359.5,0.0,2.0
580,3.3396,361.1818181818182,0.0,2.0
581,0.4272,303.0,0.0,3.0
582,0.3168,303.0,0.0,2.0
583,0.3869333333333333,303.0,0.0,2.0
584,0.6448,304.0,0.0,2.0
585,0.6693333333333333,304.0,0.0,2.0
586,0.9829333333333332,303.5,0.0,3.0
587,1.3430666666666664,304.125,0.0,2.0
588,1.9590666666666665,304.45454545454544,0.0,2.0
589,0.7112,304.5,0.0,3.0
590,0.9106666666666666,303.3333333333333,0.0,2.0
591,0.6816,303.0,0.0,2.0
592,0.5965333333333332,302.25,0.0,2.0
593,0.7112,304.4,0.0,3.0
594,0.8128,306.0,0.0,2.0
595,0.7973333333333333,305.6666666666667,0.0,2.0
596,0.4961333333333333,305.0,0.0,2.0
597,0.20946666666666666,303.5,0.0,2.0
598,0.132,302.0,0.0,3.0
599,0.088,302.0,0.0,3.0
600,0.088,302.0,0.0,2.0
601,0.088,302.0,0.0,2.0
602,0.088,302.0,0.0,2.0
603,0.088,302.0,0.0,2.0
604,0.088,302.0,0.0,2.0
605,0.088,302.0,0.0,2.0
606,0.088,302.0,0.0,2.0
607,0.088,302.0,0.0,1.0
608,0.044,302.0,0.8571428571428571,2.0
609,0.088,302.0,0.0,2.0
610,0.088,303.0,0.0,2.0
611,0.088,303.0,0.0,2.0
612,0.22133333333333335,303.0,0.0,3.0
613,0.34253333333333336,303.0,0.0,2.0
614,0.2336,303.0,0.0,3.0
615,0.2336,303.0,0.0,2.0
616,0.2336,303.0,0.0,1.0
617,0.2336,303.0,0.0,2.0
618,0.2336,303.0,0.0,2.0
619,0.2336,303.0,0.0,1.0
620,0.2336,303.0,0.0,2.0
621,0.1401333333333333,303.0,0.9230769230769231,1.0
622,0.2802666666666666,303.0,0.0,2.0
623,0.2802666666666666,302.5,0.0,3.0
624,0.2024,302.0,0.0,2.0
625,0.2024,302.0,0.0,2.0
626,0.2024,302.0,0.0,1.0
627,0.2024,302.0,0.0,2.0
628,0.2024,302.0,0.0,2.0
629,0.2024,302.0,0.0,1.0
630,0.2024,302.0,0.0,2.0
631,0.10946666666666667,302.0,0.9230769230769231,1.0
632,0.21893333333333334,302.0,0.0,2.0
633,0.3542666666666666,302.3333333333333,0.8,3.0
634,0.5674666666666668,303.0,0.0,2.0
635,0.702,303.0,0.0,3.0
636,0.8550666666666668,305.1666666666667,0.0,2.0
637,1.034,314.9,0.0,3.0
638,1.0474666666666668,318.1,0.0,3.0
639,1.0474666666666668,318.1,0.0,2.0
640,1.0474666666666668,318.1,0.0,2.0
641,0.4764,319.3333333333333,0.8333333333333334,1.0
642,0.9528,319.3333333333333,0.0,3.0
643,1.2704,314.5,0.0,2.0
644,0.5816,304.0,0.0,2.0
645,1.7612,303.0833333333333,0.0,2.0
646,1.5390666666666666,303.72727272727275,0.0,3.0
647,0.7052,309.2,0.0,3.0
648,0.6921333333333334,309.0,0.0,3.0
649,0.6921333333333334,309.0,0.0,2.0
650,0.6921333333333334,309.0,0.0,1.0
651,0.4058666666666667,308.6666666666667,0.875,2.0
652,0.6764,308.4,0.0,2.0
653,0.8117333333333334,307.6666666666667,0.0,2.0
654,0.5337333333333334,304.2,0.0,3.0
655,2.110133333333333,306.75,0.0,2.0
656,2.1884,318.6666666666667,0.0,3.0
657,1.8710666666666664,334.53846153846155,0.0,2.0
658,1.8941333333333334,331.0,0.0,3.0
659,1.8941333333333334,331.0,0.0,2.0
660,1.8941333333333334,331.0,0.0,1.0
661,0.029466666666666665,302.0,0.9230769230769231,2.0
662,0.05893333333333333,302.0,0.0,2.0
663,0.05893333333333333,306.0,0.0,2.0
664,0.05893333333333333,310.0,0.0,2.0
665,0.17786666666666667,325.0,0.0,2.0
666,0.4524,327.6666666666667,0.0,2.0
667,0.45946666666666663,315.3333333333333,0.0,2.0
668,0.45946666666666663,315.3333333333333,0.0,2.0
669,0.45946666666666663,315.3333333333333,0.0,2.0
670,0.45946666666666663,315.3333333333333,0.0,1.0
671,0.024533333333333334,301.0,0.9166666666666666,2.0
672,0.04906666666666667,301.0,0.0,2.0
673,0.04906666666666667,301.0,0.0,2.0
674,0.024533333333333334,349.0,0.0,2.0
675,0.024533333333333334,349.0,0.0,2.0
676,0.024533333333333334,349.0,0.0,1.0
677,0.024533333333333334,349.0,0.0,2.0
678,0.8874666666666667,400.2142857142857,0.0,2.0
679,0.043466666666666674,301.0,0.0,2.0
680,0.043466666666666674,302.0,0.0,2.0
681,0.043466666666666674,302.0,0.0,2.0
682,0.17493333333333333,302.0,0.0,3.0
683,0.1937333333333333,302.0,0.0,2.0
684,0.0652,302.0,0.0,3.0
685,0.043466666666666674,302.0,0.0,2.0
686,0.043466666666666674,301.5,0.0,2.0
687,0.043466666666666674,301.0,0.0,2.0
688,0.043466666666666674,301.0,0.0,2.0
689,0.043466666666666674,301.0,0.0,2.0
690,0.043466666666666674,303.0,0.0,2.0
691,0.043466666666666674,303.0,0.0,2.0
692,0.043466666666666674,303.0,0.0,2.0
693,0.043466666666666674,303.0,0.0,2.0
694,0.09946666666666668,309.0,0.8333333333333334,1.0
695,0.19893333333333335,309.0,0.0,2.0
696,0.19893333333333335,306.0,0.0,2.0
697,0.28346666666666664,304.0,0.0,3.0
698,0.6265333333333333,302.875,0.0,2.0
699,0.4037333333333334,303.0,0.0,2.0
700,0.696,307.5,0.0,2.0
701,0.6829333333333333,307.5,0.0,2.0
702,0.6829333333333333,307.5,0.0,3.0
703,0.6829333333333333,307.5,0.0,1.0
704,0.6829333333333333,307.5,0.0,2.0
705,0.6829333333333333,307.5,0.0,2.0
706,0.6829333333333333,307.5,0.0,1.0
707,0.6829333333333333,307.5,0.0,2.0
708,1.6310666666666664,393.22222222222223,0.8714285714285714,2.0
709,1.8124,407.0,0.0,3.0
710,1.8124,407.0,0.0,2.0
711,0.1812,503.0,0.0,1.0
712,0.1812,503.0,0.0,2.0
713,0.1812,503.0,0.0,2.0
714,0.1812,503.0,0.0,2.0
715,0.18133333333333335,780.0,0.6666666666666666,1.0
716,0.18133333333333335,780.0,0.6666666666666666,2.0
717,0.5437333333333334,861.6666666666666,0.0,2.0
718,1.2686666666666668,885.4285714285714,0.0,2.0
719,1.6310666666666664,915.8888888888889,0.0,2.0
720,3.2073333333333336,907.7777777777778,0.0,3.0
721,3.0525333333333333,890.5555555555555,0.0,2.0
722,3.0525333333333333,890.5555555555555,0.0,2.0
723,3.0525333333333333,890.5555555555555,0.0,2.0
724,0.5444,306.3333333333333,0.9387755102040817,2.0
725,1.2705333333333333,305.0,0.0,2.0
726,1.3458666666666665,305.8,0.7058823529411765,2.0
727,1.2236,307.5,0.0,3.0
728,1.2016,311.5,0.0,3.0
729,0.43706666666666666,307.25,0.0,3.0
730,1.2577333333333331,304.55555555555554,0.0,2.0
731,1.3558666666666666,304.0,0.0,2.0
732,2.2894666666666663,303.5238095238095,0.0,3.0
733,2.7750666666666666,306.9047619047619,0.0,3.0
734,1.3177333333333332,308.14285714285717,0.0,2.0
735,0.6122666666666666,306.8,0.0,3.0
736,0.23226666666666668,303.0,0.0,2.0
737,0.021733333333333337,301.0,0.0,2.0
738,0.043466666666666674,301.0,0.0,2.0
739,0.021733333333333337,301.0,0.0,2.0
740,0.021733333333333337,301.0,0.0,2.0
741,0.021733333333333337,301.0,0.0,1.0
742,0.021733333333333337,301.0,0.0,2.0
743,0.021733333333333337,301.0,0.0,1.0
744,0.021733333333333337,301.0,0.0,2.0
745,0.021733333333333337,301.0,0.0,1.0
746,0.021733333333333337,301.0,0.0,2.0
747,0.021733333333333337,301.0,0.0,1.0
748,0.027866666666666668,314.0,0.5,2.0
749,0.027866666666666668,314.0,0.0,2.0
750,0.055733333333333336,308.0,0.0,2.0
751,0.0468,303.0,0.0,2.0
752,0.12226666666666668,302.6666666666667,0.0,2.0
753,0.04453333333333333,304.0,0.0,2.0
754,0.08853333333333332,304.0,0.0,2.0
755,0.08853333333333332,304.0,0.0,2.0
756,0.08853333333333332,304.0,0.0,1.0
757,0.08853333333333332,304.0,0.0,2.0
758,0.46053333333333335,309.0,0.6363636363636364,2.0
759,0.46053333333333335,307.75,0.0,2.0
760,0.46053333333333335,303.0,0.0,2.0
761,1.0378666666666665,303.22222222222223,0.0,2.0
762,0.9002666666666667,304.8333333333333,0.0,3.0
763,0.9578666666666666,306.6666666666667,0.0,3.0
764,1.6466666666666667,310.0,0.0,2.0
765,1.4032,308.25,0.0,2.0
766,1.0275999999999998,302.85714285714283,0.0,3.0
767,0.4388,302.0,0.0,2.0
768,0.3848,302.3333333333333,0.0,3.0
769,1.2221333333333335,303.0,0.0,2.0
770,1.0562666666666667,303.3333333333333,0.0,2.0
771,1.2765333333333333,303.0,0.0,2.0
772,1.3245333333333333,303.57142857142856,0.0,3.0
773,2.0202666666666667,304.54545454545456,0.0,2.0
774,1.7313333333333332,304.1,0.0,2.0
775,1.7313333333333332,304.1,0.0,2.0
776,1.7313333333333332,304.1,0.0,2.0
777,0.3572,304.0,0.9130434782608695,2.0
778,1.0717333333333332,303.6666666666667,0.7777777777777778,2.0
779,1.0717333333333332,303.6666666666667,0.0,2.0
780,0.17853333333333335,347.0,0.0,2.0
781,0.35733333333333334,414.5,0.0,1.0
782,0.2457333333333333,451.5,0.0,2.0
783,2.202266666666667,381.4,0.0,2.0
784,0.3276,303.0,0.0,3.0
785,0.3276,303.0,0.0,2.0
786,0.3276,303.0,0.0,1.0
787,0.3276,303.0,0.0,2.0
788,0.3276,303.0,0.0,2.0
789,0.3276,303.0,0.0,2.0
790,0.3276,303.0,0.0,1.0
791,0.2757333333333334,302.0,0.9090909090909091,2.0
792,0.2757333333333334,302.0,0.0,2.0
793,0.704,302.6,0.5833333333333334,2.0
794,0.5701333333333334,302.5,0.0,3.0
795,0.8333333333333334,302.2857142857143,0.0,2.0
796,0.5869333333333333,309.8333333333333,0.0,3.0
797,0.8229333333333333,320.44444444444446,0.0,3.0
798,0.8229333333333333,320.44444444444446,0.0,2.0
799,0.8229333333333333,320.44444444444446,0.0,2.0
800,0.8229333333333333,320.44444444444446,0.0,1.0
801,0.6838666666666666,405.25,0.7333333333333333,2.0
802,0.8746666666666666,415.0,0.0,2.0
803,3.9396,344.2916666666667,0.25,3.0
804,1.1618666666666666,302.6,0.0,3.0
805,2.4916,303.5882352941176,0.0,2.0
806,0.7226666666666667,307.0,0.0,3.0
807,1.1386666666666667,309.2857142857143,0.0,2.0
808,1.1386666666666667,309.2857142857143,0.0,2.0
809,1.1386666666666667,309.2857142857143,0.0,2.0
810,1.1386666666666667,309.2857142857143,0.0,1.0
811,0.05466666666666666,302.0,0.8333333333333334,2.0
812,0.05466666666666666,302.0,0.0,2.0
813,0.05466666666666666,302.0,0.0,2.0
814,0.2192,302.6666666666667,0.0,2.0
815,0.3432,303.3333333333333,0.0,2.0
816,0.3114666666666666,304.0,0.0,2.0
817,0.3114666666666666,304.0,0.0,2.0
818,0.3114666666666666,304.0,0.0,2.0
819,0.3114666666666666,304.0,0.0,2.0
820,0.3114666666666666,304.0,0.0,1.0
821,0.06026666666666666,302.0,0.8461538461538461,2.0
822,0.06026666666666666,302.0,0.0,2.0
823,0.18333333333333335,303.5,0.0,2.0
824,0.208,302.0,0.0,2.0
825,0.2168,302.0,0.0,3.0
826,0.3550666666666667,302.0,0.0,3.0
827,0.1856,301.6666666666667,0.0,3.0
828,0.1856,301.6666666666667,0.0,2.0
829,0.1856,301.6666666666667,0.0,1.0
830,0.1856,301.6666666666667,0.0,2.0
831,0.6914666666666668,304.0,0.7142857142857143,1.0
832,0.6914666666666668,304.0,0.0,3.0
833,0.6914666666666668,319.0,0.0,2.0
834,0.6981333333333334,317.0,0.0,2.0
835,1.006,336.14285714285717,0.0,2.0
836,2.3024,349.07142857142856,0.0,2.0
837,0.06346666666666667,301.0,0.0,3.0
838,0.06346666666666667,301.0,0.0,2.0
839,0.556,303.75,0.0,2.0
840,0.4530666666666667,304.3333333333333,0.0,3.0
841,0.3501333333333333,304.0,0.0,2.0
842,0.7904,304.0,0.0,2.0
843,0.8394666666666667,302.4,0.0,2.0
844,0.7048,302.0,0.0,3.0
845,0.8905333333333333,302.4,0.0,2.0
846,1.0952,303.3333333333333,0.0,2.0
847,0.8894666666666667,303.4,0.0,3.0
848,1.2242666666666668,303.42857142857144,0.0,3.0
849,1.5061333333333335,308.0,0.0,2.0
850,0.9413333333333334,353.2,0.0,3.0
851,0.9413333333333334,353.2,0.0,2.0
852,0.9413333333333334,353.2,0.0,1.0
853,0.9413333333333334,353.2,0.0,2.0
854,0.044,304.0,0.9411764705882353,2.0
855,0.088,304.0,0.0,2.0
856,0.088,302.0,0.0,3.0
857,0.088,302.0,0.0,2.0
858,0.27653333333333335,302.3333333333333,0.0,2.0
859,0.37706666666666666,303.0,0.0,2.0
860,0.23253333333333334,304.0,0.0,2.0
861,0.21546666666666667,302.0,0.0,2.0
862,0.1658666666666667,302.0,0.0,3.0
863,0.7409333333333332,302.6,0.0,3.0
864,0.7990666666666667,302.5,0.0,2.0
865,0.7172,302.42857142857144,0.0,3.0
866,0.9005333333333333,303.3333333333333,0.0,3.0
867,0.5858666666666666,303.0,0.0,3.0
868,0.5553333333333333,302.75,0.0,2.0
869,1.3688,307.125,0.0,2.0
870,1.1842666666666668,309.0,0.0,3.0
871,1.1842666666666668,309.0,0.0,2.0
872,1.1842666666666668,309.0,0.0,2.0
873,1.1842666666666668,309.0,0.0,1.0
874,0.1556,305.0,0.9333333333333333,2.0
875,0.3112,305.0,0.0,2.0
876,0.3112,304.0,0.0,2.0
877,0.18346666666666667,303.0,0.0,3.0
878,0.7954666666666668,303.8,0.0,2.0
879,0.8890666666666668,303.3333333333333,0.0,3.0
880,0.7145333333333332,303.0,0.0,2.0
881,0.9138666666666666,302.42857142857144,0.0,3.0
882,0.308,303.0,0.0,3.0
883,0.3024,303.0,0.0,2.0
884,0.5458666666666666,303.0,0.0,2.0
885,0.4525333333333334,303.0,0.0,3.0
886,0.44373333333333337,302.0,0.0,2.0
887,0.476,302.5,0.0,2.0
888,0.446,302.5,0.0,3.0
889,0.4426666666666667,302.5,0.0,2.0
890,0.8152,302.6666666666667,0.0,2.0
891,1.2088,303.25,0.0,3.0
892,1.0881333333333334,302.6666666666667,0.0,2.0
893,1.0632,301.0,0.0,3.0
894,1.3397333333333332,301.0,0.0,2.0
895,2.1792,301.0,0.0,3.0
896,0.16853333333333334,345.0,0.0,2.0
897,0.3370666666666667,367.0,0.0,3.0
898,0.3370666666666667,411.0,0.0,2.0
899,1.0117333333333334,502.8333333333333,0.0,3.0
900,4.9308,472.4074074074074,0.0,3.0
901,5.0149333333333335,375.9,0.0,2.0
902,0.8906666666666666,303.6666666666667,0.0,3.0
903,1.1264,304.0,0.0,3.0
904,0.4682666666666666,303.0,0.0,2.0
905,0.20826666666666668,302.3333333333333,0.0,3.0
906,0.09226666666666668,302.0,0.0,2.0
907,0.0936,302.0,0.0,2.0
908,0.09413333333333335,302.0,0.0,2.0
909,0.088,302.0,0.0,2.0
910,0.088,302.0,0.0,2.0
911,0.088,302.0,0.0,2.0
912,0.088,302.0,0.0,3.0
913,0.088,302.0,0.0,2.0
914,0.088,302.0,0.0,2.0
915,0.088,302.0,0.0,2.0
916,0.088,301.0,0.0,2.0
917,0.088,301.0,0.0,3.0
918,0.088,301.0,0.0,2.0
919,0.088,301.0,0.0,2.0
920,0.088,301.0,0.0,2.0
921,0.088,301.0,0.0,2.0
922,0.088,301.5,0.0,3.0
923,0.088,302.0,0.0,2.0
924,0.088,302.0,0.0,2.0
925,0.088,302.0,0.0,2.0
926,0.088,302.0,0.0,1.0
927,0.088,302.0,0.0,2.0
928,0.088,302.0,0.0,2.0
929,0.088,302.0,0.0,2.0
930,0.088,302.0,0.0,1.0
931,0.088,302.0,0.8571428571428571,2.0
932,0.088,302.0,0.0,2.0
933,0.088,302.0,0.0,2.0
934,0.088,302.0,0.0,3.0
935,0.088,302.0,0.0,2.0
936,0.088,302.0,0.0,1.0
937,0.078,302.0,0.5,2.0
938,0.1658666666666667,301.2,0.0,2.0
939,0.1208,302.6666666666667,0.8,3.0
940,0.1488,302.5,0.75,2.0
941,0.05893333333333333,302.0,0.0,3.0
942,0.3158666666666667,302.5,0.0,2.0
943,0.7564,301.5,0.0,2.0
944,0.6828,301.5,0.0,3.0
945,0.6828,301.5,0.0,2.0
946,0.6828,301.5,0.0,2.0
947,0.6828,301.5,0.0,2.0
948,0.6828,301.5,0.0,2.0
949,0.6828,301.5,0.0,1.0
950,0.6828,301.5,0.0,2.0
951,1.2730666666666666,303.25,0.8222222222222222,2.0
952,1.1138666666666666,303.42857142857144,0.0,2.0
953,1.2730666666666666,303.25,0.0,3.0
954,1.6302666666666668,302.9,0.0,2.0
955,4.473333333333333,303.4074074074074,0.0,3.0
956,0.6376,336.5,0.0,3.0
957,0.7970666666666667,380.4,0.0,2.0
958,0.7270666666666667,443.0,0.0,2.0
959,1.8001333333333336,489.5,0.0,2.0
960,2.2306666666666666,494.38461538461536,0.0,3.0
961,1.4964,428.5,0.0,2.0
962,0.8173333333333334,306.2,0.0,3.0
963,0.5216,302.75,0.0,2.0
964,0.4826666666666667,302.2,0.0,3.0
965,0.5637333333333334,303.0,0.0,2.0
966,0.6237333333333334,307.0,0.0,2.0
967,0.7206666666666667,308.6,0.0,2.0
968,1.3549333333333335,310.55555555555554,0.0,3.0
969,1.7370666666666665,307.27272727272725,0.0,2.0
970,1.2386666666666668,302.75,0.0,3.0
971,0.28346666666666664,302.0,0.0,2.0
972,0.7634666666666667,302.6,0.0,2.0
973,1.6290666666666664,303.2,0.0,3.0
974,1.7733333333333332,303.4,0.0,2.0
975,2.424,304.2142857142857,0.0,3.0
976,2.1216,308.6666666666667,0.0,2.0
977,2.1589333333333336,308.46153846153845,0.0,2.0
978,2.1589333333333336,308.46153846153845,0.0,3.0
979,2.1589333333333336,308.46153846153845,0.0,1.0
980,2.1589333333333336,308.46153846153845,0.0,2.0
981,0.4458666666666667,303.0,0.75,2.0
982,0.3344,303.0,0.0,2.0
983,0.4458666666666667,303.0,0.0,2.0
984,0.3745333333333334,303.0,0.0,2.0
985,0.7106666666666667,303.0,0.0,3.0
986,0.8362666666666666,302.375,0.0,2.0
987,0.9281333333333334,302.8333333333333,0.0,3.0
988,0.9281333333333334,302.8333333333333,0.0,3.0
989,0.9281333333333334,302.8333333333333,0.0,2.0
990,0.9281333333333334,302.8333333333333,0.0,1.0
991,0.6237333333333334,303.0,0.7142857142857143,2.0
992,0.4677333333333334,303.3333333333333,0.0,2.0
993,0.6237333333333334,304.0,0.0,3.0
994,0.7962666666666667,304.6,0.0,2.0
995,2.114266666666667,304.2307692307692,0.0,3.0
996,1.1708,303.57142857142856,0.0,3.0
997,0.8744,303.6,0.0,2.0
998,0.8744,303.6,0.0,2.0
999,0.8744,303.6,0.0,2.0
1000,0.8744,303.6,0.0,2.0
1001,0.8744,303.6,0.0,1.0
1002,0.8744,303.6,0.0,2.0
1003,0.8744,303.6,0.0,2.0
1004,1.4628,304.3333333333333,0.8783783783783784,2.0
1005,1.9504,304.3333333333333,0.0,3.0
1006,1.9504,304.8333333333333,0.0,2.0
1007,1.9569333333333334,303.6666666666667,0.0,3.0
1008,5.374,310.1818181818182,0.0,3.0
1009,1.3024,334.375,0.0,3.0
1010,1.1613333333333333,370.2857142857143,0.0,2.0
1011,1.1613333333333333,417.42857142857144,0.0,2.0
1012,1.1396,437.14285714285717,0.0,3.0
1013,1.1396,437.14285714285717,0.0,2.0
1014,1.1396,437.14285714285717,0.0,2.0
